{"-gneE0_0": 0.11711711711711711, "-gneE0_1": 0.13713713713713713, "-gneE0_2": 0.0970970970970971, "-gneE1_0": 0.10810810810810811, "-gneE1_1": 0.12512512512512514, "-gneE1_2": 0.04004004004004004, "-gneE10_0": 0.08208208208208208, "-gneE10_1": 0.0920920920920921, "-gneE10_2": 0.08508508508508508, "-gneE11_0": 0.0920920920920921, "-gneE11_1": 0.1001001001001001, "-gneE11_2": 0.06406406406406406, "-gneE12_0": 0.07807807807807808, "-gneE12_1": 0.09109109109109109, "-gneE12_2": 0.056056056056056056, "-gneE13_0": 0.07007007007007007, "-gneE13_1": 0.07407407407407407, "-gneE13_2": 0.06806806806806807, "-gneE14_0": 0.07007007007007007, "-gneE14_1": 0.05305305305305305, "-gneE14_2": 0.01001001001001001, "-gneE15_0": 0.05805805805805806, "-gneE15_1": 0.015015015015015015, "-gneE15_2": 0.003003003003003003, "-gneE16_0": 0.08808808808808809, "-gneE16_1": 0.07607607607607608, "-gneE16_2": 0.036036036036036036, "-gneE18_0": 0.05805805805805806, "-gneE18_1": 0.035035035035035036, "-gneE18_2": 0.005005005005005005, "-gneE19_0": 0.06506506506506507, "-gneE19_1": 0.04504504504504504, "-gneE19_2": 0.015015015015015015, "-gneE2_0": 0.0890890890890891, "-gneE2_1": 0.1021021021021021, "-gneE2_2": 0.05305305305305305, "-gneE20_0": 0.08308308308308308, "-gneE20_1": 0.08808808808808809, "-gneE20_2": 0.06706706706706707, "-gneE23_0": 0.07207207207207207, "-gneE23_1": 0.07007007007007007, "-gneE23_2": 0.05305305305305305, "-gneE25_0": 0.007007007007007007, "-gneE25_1": 0.004004004004004004, "-gneE25_2": 0.0, "-gneE26_0": 0.001001001001001001, "-gneE26_1": 0.003003003003003003, "-gneE26_2": 0.002002002002002002, "-gneE27_0": 0.0, "-gneE27_1": 0.001001001001001001, "-gneE27_2": 0.004004004004004004, "-gneE28_0": 0.016016016016016016, "-gneE28_1": 0.016016016016016016, "-gneE28_2": 0.001001001001001001, "-gneE29_0": 0.023023023023023025, "-gneE29_1": 0.022022022022022022, "-gneE29_2": 0.005005005005005005, "-gneE3_0": 0.0990990990990991, "-gneE3_1": 0.11711711711711711, "-gneE3_2": 0.06106106106106106, "-gneE30_0": 0.02702702702702703, "-gneE30_1": 0.01001001001001001, "-gneE30_2": 0.002002002002002002, "-gneE31_0": 0.10810810810810811, "-gneE31_1": 0.10810810810810811, "-gneE31_2": 0.06706706706706707, "-gneE33_0": 0.08108108108108109, "-gneE33_1": 0.08808808808808809, "-gneE33_2": 0.03803803803803804, "-gneE35_0": 0.01701701701701702, "-gneE35_1": 0.014014014014014014, "-gneE35_2": 0.014014014014014014, "-gneE38_0": 0.06306306306306306, "-gneE38_1": 0.04704704704704705, "-gneE38_2": 0.013013013013013013, "-gneE39_0": 0.06506506506506507, "-gneE39_1": 0.056056056056056056, "-gneE39_2": 0.021021021021021023, "-gneE4_0": 0.07707707707707707, "-gneE4_1": 0.08608608608608609, "-gneE4_2": 0.021021021021021023, "-gneE41_0": 0.07907907907907907, "-gneE41_1": 0.07607607607607608, "-gneE41_2": 0.02902902902902903, "-gneE42_0": 0.05005005005005005, "-gneE42_1": 0.037037037037037035, "-gneE42_2": 0.026026026026026026, "-gneE43_0": 0.03903903903903904, "-gneE43_1": 0.026026026026026026, "-gneE43_2": 0.002002002002002002, "-gneE46_0": 0.02002002002002002, "-gneE46_1": 0.012012012012012012, "-gneE46_2": 0.009009009009009009, "-gneE47_0": 0.023023023023023025, "-gneE47_1": 0.01701701701701702, "-gneE47_2": 0.009009009009009009, "-gneE52_0": 0.09309309309309309, "-gneE52_1": 0.0920920920920921, "-gneE52_2": 0.06706706706706707, "-gneE53_0": 0.06906906906906907, "-gneE53_1": 0.07907907907907907, "-gneE53_2": 0.04504504504504504, "-gneE54_0": 0.056056056056056056, "-gneE54_1": 0.06006006006006006, "-gneE54_2": 0.03903903903903904, "-gneE55_0": 0.07907907907907907, "-gneE55_1": 0.07407407407407407, "-gneE55_2": 0.03303303303303303, "-gneE56_0": 0.0890890890890891, "-gneE56_1": 0.11511511511511512, "-gneE56_2": 0.0960960960960961, "-gneE57_0": 0.14014014014014015, "-gneE57_1": 0.16116116116116116, "-gneE57_2": 0.055055055055055056, "-gneE58_0": 0.15815815815815815, "-gneE58_1": 0.15415415415415415, "-gneE58_2": 0.037037037037037035, "-gneE59_0": 0.13613613613613615, "-gneE59_1": 0.13713713713713713, "-gneE59_2": 0.044044044044044044, "-gneE61_0": 0.014014014014014014, "-gneE61_1": 0.002002002002002002, "-gneE61_2": 0.002002002002002002, "-gneE62_0": 0.07207207207207207, "-gneE62_1": 0.03303303303303303, "-gneE62_2": 0.008008008008008008, "-gneE64_0": 0.10510510510510511, "-gneE64_1": 0.08108108108108109, "-gneE64_2": 0.036036036036036036, "-gneE65_0": 0.14414414414414414, "-gneE65_1": 0.13813813813813813, "-gneE65_2": 0.05205205205205205, "-gneE66_0": 0.09309309309309309, "-gneE66_1": 0.0920920920920921, "-gneE66_2": 0.05405405405405406, "-gneE67_0": 0.0970970970970971, "-gneE67_1": 0.014014014014014014, "-gneE67_2": 0.001001001001001001, "-gneE68_0": 0.0920920920920921, "-gneE69_0": 0.10710710710710711, "-gneE69_1": 0.11311311311311312, "-gneE69_2": 0.07107107107107107, "-gneE7_0": 0.10510510510510511, "-gneE7_1": 0.11511511511511512, "-gneE7_2": 0.04904904904904905, "-gneE70_0": 0.10810810810810811, "-gneE70_1": 0.11711711711711711, "-gneE70_2": 0.1011011011011011, "-gneE71_0": 0.12112112112112113, "-gneE71_1": 0.11811811811811812, "-gneE71_2": 0.035035035035035036, "-gneE72_0": 0.02002002002002002, "-gneE72_1": 0.008008008008008008, "-gneE72_2": 0.006006006006006006, "-gneE72_3": 0.006006006006006006, "-gneE74_0": 0.13013013013013014, "-gneE74_1": 0.13313313313313313, "-gneE74_2": 0.10510510510510511, "gneE0_0": 0.14014014014014015, "gneE0_1": 0.16216216216216217, "gneE0_2": 0.04704704704704705, "gneE1_0": 0.10810810810810811, "gneE1_1": 0.11611611611611612, "gneE1_2": 0.04704704704704705, "gneE10_0": 0.11511511511511512, "gneE10_1": 0.1001001001001001, "gneE10_2": 0.02702702702702703, "gneE11_0": 0.07707707707707707, "gneE11_1": 0.08308308308308308, "gneE11_2": 0.03903903903903904, "gneE12_0": 0.07907907907907907, "gneE12_1": 0.055055055055055056, "gneE12_2": 0.013013013013013013, "gneE13_0": 0.10510510510510511, "gneE13_1": 0.09309309309309309, "gneE13_2": 0.028028028028028028, "gneE14_0": 0.062062062062062065, "gneE14_1": 0.04604604604604605, "gneE14_2": 0.036036036036036036, "gneE15_0": 0.07707707707707707, "gneE15_1": 0.056056056056056056, "gneE15_2": 0.01701701701701702, "gneE16_0": 0.05205205205205205, "gneE16_1": 0.03903903903903904, "gneE16_2": 0.012012012012012012, "gneE18_0": 0.04504504504504504, "gneE18_1": 0.06006006006006006, "gneE18_2": 0.05805805805805806, "gneE19_0": 0.06906906906906907, "gneE19_1": 0.06606606606606606, "gneE19_2": 0.031031031031031032, "gneE2_0": 0.0970970970970971, "gneE2_1": 0.09509509509509509, "gneE2_2": 0.03003003003003003, "gneE20_0": 0.07607607607607608, "gneE20_1": 0.05205205205205205, "gneE20_2": 0.016016016016016016, "gneE23_0": 0.10810810810810811, "gneE23_1": 0.1001001001001001, "gneE23_2": 0.01001001001001001, "gneE25_0": 0.022022022022022022, "gneE25_1": 0.02002002002002002, "gneE25_2": 0.014014014014014014, "gneE26_0": 0.025025025025025027, "gneE26_1": 0.01701701701701702, "gneE26_2": 0.0, "gneE27_0": 0.021021021021021023, "gneE27_1": 0.005005005005005005, "gneE27_2": 0.001001001001001001, "gneE28_0": 0.002002002002002002, "gneE28_1": 0.006006006006006006, "gneE28_2": 0.001001001001001001, "gneE29_0": 0.003003003003003003, "gneE29_1": 0.007007007007007007, "gneE29_2": 0.002002002002002002, "gneE3_0": 0.07507507507507508, "gneE3_1": 0.08808808808808809, "gneE3_2": 0.037037037037037035, "gneE30_0": 0.004004004004004004, "gneE30_1": 0.004004004004004004, "gneE30_2": 0.002002002002002002, "gneE31_0": 0.12212212212212212, "gneE31_1": 0.10510510510510511, "gneE31_2": 0.035035035035035036, "gneE33_0": 0.07207207207207207, "gneE33_1": 0.08808808808808809, "gneE33_2": 0.03203203203203203, "gneE35_0": 0.004004004004004004, "gneE35_1": 0.001001001001001001, "gneE35_2": 0.001001001001001001, "gneE38_0": 0.036036036036036036, "gneE38_1": 0.04104104104104104, "gneE38_2": 0.036036036036036036, "gneE39_0": 0.0980980980980981, "gneE39_1": 0.09109109109109109, "gneE39_2": 0.044044044044044044, "gneE4_0": 0.06006006006006006, "gneE4_1": 0.07007007007007007,