{"-gneE0_0": 0.15615615615615616, "-gneE0_1": 0.1891891891891892, "-gneE0_2": 0.16816816816816818, "-gneE1_0": 0.14914914914914915, "-gneE1_1": 0.2222222222222222, "-gneE1_2": 0.06506506506506507, "-gneE10_0": 0.11711711711711711, "-gneE10_1": 0.15215215215215216, "-gneE10_2": 0.15915915915915915, "-gneE11_0": 0.13313313313313313, "-gneE11_1": 0.14814814814814814, "-gneE11_2": 0.1091091091091091, "-gneE12_0": 0.11511511511511512, "-gneE12_1": 0.12212212212212212, "-gneE12_2": 0.08008008008008008, "-gneE13_0": 0.12812812812812813, "-gneE13_1": 0.14314314314314314, "-gneE13_2": 0.12612612612612611, "-gneE14_0": 0.12712712712712712, "-gneE14_1": 0.11311311311311312, "-gneE14_2": 0.016016016016016016, "-gneE15_0": 0.1111111111111111, "-gneE15_1": 0.05305305305305305, "-gneE15_2": 0.025025025025025027, "-gneE16_0": 0.15515515515515516, "-gneE16_1": 0.15515515515515516, "-gneE16_2": 0.06606606606606606, "-gneE18_0": 0.1001001001001001, "-gneE18_1": 0.06006006006006006, "-gneE18_2": 0.012012012012012012, "-gneE19_0": 0.11211211211211211, "-gneE19_1": 0.09109109109109109, "-gneE19_2": 0.02702702702702703, "-gneE2_0": 0.13613613613613615, "-gneE2_1": 0.16216216216216217, "-gneE2_2": 0.08508508508508508, "-gneE20_0": 0.13713713713713713, "-gneE20_1": 0.13513513513513514, "-gneE20_2": 0.11511511511511512, "-gneE23_0": 0.11611611611611612, "-gneE23_1": 0.12812812812812813, "-gneE23_2": 0.09509509509509509, "-gneE25_0": 0.012012012012012012, "-gneE25_1": 0.008008008008008008, "-gneE25_2": 0.0, "-gneE26_0": 0.0, "-gneE26_1": 0.006006006006006006, "-gneE26_2": 0.004004004004004004, "-gneE27_0": 0.0, "-gneE27_1": 0.002002002002002002, "-gneE27_2": 0.001001001001001001, "-gneE28_0": 0.03203203203203203, "-gneE28_1": 0.03203203203203203, "-gneE28_2": 0.002002002002002002, "-gneE29_0": 0.028028028028028028, "-gneE29_1": 0.02702702702702703, "-gneE29_2": 0.008008008008008008, "-gneE3_0": 0.14414414414414414, "-gneE3_1": 0.1941941941941942, "-gneE3_2": 0.09509509509509509, "-gneE30_0": 0.05405405405405406, "-gneE30_1": 0.026026026026026026, "-gneE30_2": 0.004004004004004004, "-gneE31_0": 0.17417417417417416, "-gneE31_1": 0.17317317317317318, "-gneE31_2": 0.12012012012012012, "-gneE33_0": 0.13613613613613615, "-gneE33_1": 0.15115115115115116, "-gneE33_2": 0.07507507507507508, "-gneE35_0": 0.03403403403403404, "-gneE35_1": 0.028028028028028028, "-gneE35_2": 0.028028028028028028, "-gneE38_0": 0.10810810810810811, "-gneE38_1": 0.08208208208208208, "-gneE38_2": 0.025025025025025027, "-gneE39_0": 0.0970970970970971, "-gneE39_1": 0.08608608608608609, "-gneE39_2": 0.03903903903903904, "-gneE4_0": 0.11911911911911911, "-gneE4_1": 0.15815815815815815, "-gneE4_2": 0.02702702702702703, "-gneE41_0": 0.14214214214214213, "-gneE41_1": 0.14114114114114115, "-gneE41_2": 0.04504504504504504, "-gneE42_0": 0.0940940940940941, "-gneE42_1": 0.07007007007007007, "-gneE42_2": 0.057057057057057055, "-gneE43_0": 0.06806806806806807, "-gneE43_1": 0.055055055055055056, "-gneE43_2": 0.006006006006006006, "-gneE46_0": 0.03903903903903904, "-gneE46_1": 0.024024024024024024, "-gneE46_2": 0.01701701701701702, "-gneE47_0": 0.04604604604604605, "-gneE47_1": 0.03303303303303303, "-gneE47_2": 0.018018018018018018, "-gneE52_0": 0.17217217217217218, "-gneE52_1": 0.16016016016016016, "-gneE52_2": 0.11911911911911911, "-gneE53_0": 0.1041041041041041, "-gneE53_1": 0.1011011011011011, "-gneE53_2": 0.07307307307307308, "-gneE54_0": 0.0970970970970971, "-gneE54_1": 0.1011011011011011, "-gneE54_2": 0.07107107107107107, "-gneE55_0": 0.12712712712712712, "-gneE55_1": 0.12012012012012012, "-gneE55_2": 0.07907907907907907, "-gneE56_0": 0.12512512512512514, "-gneE56_1": 0.16016016016016016, "-gneE56_2": 0.14114114114114115, "-gneE57_0": 0.2172172172172172, "-gneE57_1": 0.24424424424424424, "-gneE57_2": 0.10710710710710711, "-gneE58_0": 0.27127127127127126, "-gneE58_1": 0.28128128128128127, "-gneE58_2": 0.06706706706706707, "-gneE59_0": 0.2092092092092092, "-gneE59_1": 0.21921921921921922, "-gneE59_2": 0.06806806806806807, "-gneE61_0": 0.02702702702702703, "-gneE61_1": 0.004004004004004004, "-gneE61_2": 0.004004004004004004, "-gneE62_0": 0.12012012012012012, "-gneE62_1": 0.04804804804804805, "-gneE62_2": 0.005005005005005005, "-gneE64_0": 0.15115115115115116, "-gneE64_1": 0.1061061061061061, "-gneE64_2": 0.042042042042042045, "-gneE65_0": 0.1941941941941942, "-gneE65_1": 0.18018018018018017, "-gneE65_2": 0.08608608608608609, "-gneE66_0": 0.15815815815815815, "-gneE66_1": 0.15515515515515516, "-gneE66_2": 0.0920920920920921, "-gneE67_0": 0.17317317317317318, "-gneE67_1": 0.022022022022022022, "-gneE67_2": 0.008008008008008008, "-gneE68_0": 0.17417417417417416, "-gneE69_0": 0.17617617617617617, "-gneE69_1": 0.2122122122122122, "-gneE69_2": 0.13613613613613615, "-gneE7_0": 0.14514514514514515, "-gneE7_1": 0.1781781781781782, "-gneE7_2": 0.08308308308308308, "-gneE70_0": 0.1991991991991992, "-gneE70_1": 0.2132132132132132, "-gneE70_2": 0.1871871871871872, "-gneE71_0": 0.2132132132132132, "-gneE71_1": 0.2062062062062062, "-gneE71_2": 0.07207207207207207, "-gneE72_0": 0.04004004004004004, "-gneE72_1": 0.023023023023023025, "-gneE72_2": 0.012012012012012012, "-gneE72_3": 0.012012012012012012, "-gneE74_0": 0.23823823823823823, "-gneE74_1": 0.25325325325325326, "-gneE74_2": 0.1941941941941942, "gneE0_0": 0.17917917917917917, "gneE0_1": 0.24924924924924924, "gneE0_2": 0.08508508508508508, "gneE1_0": 0.16716716716716717, "gneE1_1": 0.17217217217217218, "gneE1_2": 0.07907907907907907, "gneE10_0": 0.18218218218218218, "gneE10_1": 0.15115115115115116, "gneE10_2": 0.04804804804804805, "gneE11_0": 0.12512512512512514, "gneE11_1": 0.13413413413413414, "gneE11_2": 0.07207207207207207, "gneE12_0": 0.14914914914914915, "gneE12_1": 0.1041041041041041, "gneE12_2": 0.02902902902902903, "gneE13_0": 0.18118118118118118, "gneE13_1": 0.16716716716716717, "gneE13_2": 0.044044044044044044, "gneE14_0": 0.11911911911911911, "gneE14_1": 0.1041041041041041, "gneE14_2": 0.07507507507507508, "gneE15_0": 0.14814814814814814, "gneE15_1": 0.11511511511511512, "gneE15_2": 0.04904904904904905, "gneE16_0": 0.09009009009009009, "gneE16_1": 0.06906906906906907, "gneE16_2": 0.01901901901901902, "gneE18_0": 0.08108108108108109, "gneE18_1": 0.0990990990990991, "gneE18_2": 0.1111111111111111, "gneE19_0": 0.12112112112112113, "gneE19_1": 0.11811811811811812, "gneE19_2": 0.05805805805805806, "gneE2_0": 0.15815815815815815, "gneE2_1": 0.16316316316316315, "gneE2_2": 0.06106106106106106, "gneE20_0": 0.12912912912912913, "gneE20_1": 0.08808808808808809, "gneE20_2": 0.03803803803803804, "gneE23_0": 0.19119119119119118, "gneE23_1": 0.18618618618618618, "gneE23_2": 0.02902902902902903, "gneE25_0": 0.03003003003003003, "gneE25_1": 0.02902902902902903, "gneE25_2": 0.022022022022022022, "gneE26_0": 0.05005005005005005, "gneE26_1": 0.03403403403403404, "gneE26_2": 0.0, "gneE27_0": 0.04104104104104104, "gneE27_1": 0.01001001001001001, "gneE27_2": 0.002002002002002002, "gneE28_0": 0.005005005005005005, "gneE28_1": 0.006006006006006006, "gneE28_2": 0.002002002002002002, "gneE29_0": 0.006006006006006006, "gneE29_1": 0.01001001001001001, "gneE29_2": 0.004004004004004004, "gneE3_0": 0.12012012012012012, "gneE3_1": 0.13513513513513514, "gneE3_2": 0.06406406406406406, "gneE30_0": 0.009009009009009009, "gneE30_1": 0.009009009009009009, "gneE30_2": 0.004004004004004004, "gneE31_0": 0.22122122122122123, "gneE31_1": 0.2072072072072072, "gneE31_2": 0.07407407407407407, "gneE33_0": 0.1041041041041041, "gneE33_1": 0.11611611611611612, "gneE33_2": 0.055055055055055056, "gneE35_0": 0.006006006006006006, "gneE35_1": 0.002002002002002002, "gneE35_2": 0.002002002002002002, "gneE38_0": 0.06706706706706707, "gneE38_1": 0.06706706706706707, "gneE38_2": 0.06306306306306306, "gneE39_0": 0.13513513513513514, "gneE39_1": 0.1781781781781782, "gneE39_2": 0.07207207207207207, "gneE4_0": 0.11311311311311312, "gneE4_1": 0.12612612612612611, "gneE4_2": 0.1091091091091091, "gneE41_0": 0.08108108108108109,