{"-gneE0_0": 0.16416416416416416, "-gneE0_1": 0.2182182182182182, "-gneE0_2": 0.1981981981981982, "-gneE1_0": 0.15715715715715717, "-gneE1_1": 0.24824824824824826, "-gneE1_2": 0.07407407407407407, "-gneE10_0": 0.14214214214214213, "-gneE10_1": 0.17917917917917917, "-gneE10_2": 0.17617617617617617, "-gneE11_0": 0.17217217217217218, "-gneE11_1": 0.1981981981981982, "-gneE11_2": 0.13413413413413414, "-gneE12_0": 0.14514514514514515, "-gneE12_1": 0.14914914914914915, "-gneE12_2": 0.08508508508508508, "-gneE13_0": 0.17917917917917917, "-gneE13_1": 0.1971971971971972, "-gneE13_2": 0.1831831831831832, "-gneE14_0": 0.17017017017017017, "-gneE14_1": 0.14414414414414414, "-gneE14_2": 0.02902902902902903, "-gneE15_0": 0.15015015015015015, "-gneE15_1": 0.0920920920920921, "-gneE15_2": 0.05105105105105105, "-gneE16_0": 0.19119119119119118, "-gneE16_1": 0.22022022022022023, "-gneE16_2": 0.0970970970970971, "-gneE18_0": 0.14314314314314314, "-gneE18_1": 0.07707707707707707, "-gneE18_2": 0.013013013013013013, "-gneE19_0": 0.14114114114114115, "-gneE19_1": 0.11411411411411411, "-gneE19_2": 0.037037037037037035, "-gneE2_0": 0.15915915915915915, "-gneE2_1": 0.19519519519519518, "-gneE2_2": 0.1031031031031031, "-gneE20_0": 0.17917917917917917, "-gneE20_1": 0.16716716716716717, "-gneE20_2": 0.14814814814814814, "-gneE23_0": 0.14414414414414414, "-gneE23_1": 0.15815815815815815, "-gneE23_2": 0.13513513513513514, "-gneE25_0": 0.015015015015015015, "-gneE25_1": 0.008008008008008008, "-gneE25_2": 0.0, "-gneE26_0": 0.0, "-gneE26_1": 0.006006006006006006, "-gneE26_2": 0.006006006006006006, "-gneE27_0": 0.0, "-gneE27_1": 0.003003003003003003, "-gneE27_2": 0.0, "-gneE28_0": 0.04804804804804805, "-gneE28_1": 0.04804804804804805, "-gneE28_2": 0.003003003003003003, "-gneE29_0": 0.04104104104104104, "-gneE29_1": 0.04004004004004004, "-gneE29_2": 0.012012012012012012, "-gneE3_0": 0.2042042042042042, "-gneE3_1": 0.25125125125125125, "-gneE3_2": 0.1111111111111111, "-gneE30_0": 0.08108108108108109, "-gneE30_1": 0.03803803803803804, "-gneE30_2": 0.006006006006006006, "-gneE31_0": 0.2012012012012012, "-gneE31_1": 0.1971971971971972, "-gneE31_2": 0.13413413413413414, "-gneE33_0": 0.17417417417417416, "-gneE33_1": 0.2092092092092092, "-gneE33_2": 0.1061061061061061, "-gneE35_0": 0.04804804804804805, "-gneE35_1": 0.04104104104104104, "-gneE35_2": 0.04004004004004004, "-gneE38_0": 0.14814814814814814, "-gneE38_1": 0.0970970970970971, "-gneE38_2": 0.036036036036036036, "-gneE39_0": 0.12812812812812813, "-gneE39_1": 0.1091091091091091, "-gneE39_2": 0.05205205205205205, "-gneE4_0": 0.17617617617617617, "-gneE4_1": 0.19019019019019018, "-gneE4_2": 0.044044044044044044, "-gneE41_0": 0.17917917917917917, "-gneE41_1": 0.18218218218218218, "-gneE41_2": 0.06006006006006006, "-gneE42_0": 0.13113113113113112, "-gneE42_1": 0.09309309309309309, "-gneE42_2": 0.07707707707707707, "-gneE43_0": 0.09509509509509509, "-gneE43_1": 0.07407407407407407, "-gneE43_2": 0.03203203203203203, "-gneE46_0": 0.055055055055055056, "-gneE46_1": 0.03303303303303303, "-gneE46_2": 0.023023023023023025, "-gneE47_0": 0.06506506506506507, "-gneE47_1": 0.04604604604604605, "-gneE47_2": 0.024024024024024024, "-gneE52_0": 0.22522522522522523, "-gneE52_1": 0.21021021021021022, "-gneE52_2": 0.15515515515515516, "-gneE53_0": 0.14014014014014015, "-gneE53_1": 0.12812812812812813, "-gneE53_2": 0.0980980980980981, "-gneE54_0": 0.13113113113113112, "-gneE54_1": 0.14214214214214213, "-gneE54_2": 0.1061061061061061, "-gneE55_0": 0.15915915915915915, "-gneE55_1": 0.15315315315315314, "-gneE55_2": 0.09309309309309309, "-gneE56_0": 0.16216216216216217, "-gneE56_1": 0.1941941941941942, "-gneE56_2": 0.15415415415415415, "-gneE57_0": 0.26326326326326327, "-gneE57_1": 0.27627627627627627, "-gneE57_2": 0.14214214214214213, "-gneE58_0": 0.3213213213213213, "-gneE58_1": 0.35035035035035034, "-gneE58_2": 0.07907907907907907, "-gneE59_0": 0.25725725725725723, "-gneE59_1": 0.2682682682682683, "-gneE59_2": 0.0960960960960961, "-gneE61_0": 0.04004004004004004, "-gneE61_1": 0.006006006006006006, "-gneE61_2": 0.006006006006006006, "-gneE62_0": 0.13813813813813813, "-gneE62_1": 0.056056056056056056, "-gneE62_2": 0.004004004004004004, "-gneE64_0": 0.2032032032032032, "-gneE64_1": 0.14414414414414414, "-gneE64_2": 0.06906906906906907, "-gneE65_0": 0.2552552552552553, "-gneE65_1": 0.23523523523523523, "-gneE65_2": 0.1021021021021021, "-gneE66_0": 0.1981981981981982, "-gneE66_1": 0.19019019019019018, "-gneE66_2": 0.12812812812812813, "-gneE67_0": 0.17217217217217218, "-gneE67_1": 0.01701701701701702, "-gneE67_2": 0.005005005005005005, "-gneE68_0": 0.17417417417417416, "-gneE69_0": 0.22022022022022023, "-gneE69_1": 0.2782782782782783, "-gneE69_2": 0.18618618618618618, "-gneE7_0": 0.16116116116116116, "-gneE7_1": 0.23423423423423423, "-gneE7_2": 0.1001001001001001, "-gneE70_0": 0.21921921921921922, "-gneE70_1": 0.24924924924924924, "-gneE70_2": 0.22722722722722724, "-gneE71_0": 0.25325325325325326, "-gneE71_1": 0.26126126126126126, "-gneE71_2": 0.0890890890890891, "-gneE72_0": 0.06006006006006006, "-gneE72_1": 0.03003003003003003, "-gneE72_2": 0.018018018018018018, "-gneE72_3": 0.018018018018018018, "-gneE74_0": 0.3133133133133133, "-gneE74_1": 0.3253253253253253, "-gneE74_2": 0.2552552552552553, "gneE0_0": 0.22822822822822822, "gneE0_1": 0.26126126126126126, "gneE0_2": 0.08108108108108109, "gneE1_0": 0.2072072072072072, "gneE1_1": 0.21121121121121122, "gneE1_2": 0.0940940940940941, "gneE10_0": 0.21921921921921922, "gneE10_1": 0.18218218218218218, "gneE10_2": 0.06606606606606606, "gneE11_0": 0.16116116116116116, "gneE11_1": 0.17617617617617617, "gneE11_2": 0.0970970970970971, "gneE12_0": 0.16416416416416416, "gneE12_1": 0.13413413413413414, "gneE12_2": 0.05905905905905906, "gneE13_0": 0.2092092092092092, "gneE13_1": 0.1891891891891892, "gneE13_2": 0.04704704704704705, "gneE14_0": 0.15215215215215216, "gneE14_1": 0.14214214214214213, "gneE14_2": 0.1091091091091091, "gneE15_0": 0.2022022022022022, "gneE15_1": 0.15915915915915915, "gneE15_2": 0.07807807807807808, "gneE16_0": 0.11011011011011011, "gneE16_1": 0.09009009009009009, "gneE16_2": 0.02702702702702703, "gneE18_0": 0.0970970970970971, "gneE18_1": 0.11211211211211211, "gneE18_2": 0.12712712712712712, "gneE19_0": 0.16616616616616617, "gneE19_1": 0.16316316316316315, "gneE19_2": 0.08108108108108109, "gneE2_0": 0.2012012012012012, "gneE2_1": 0.2092092092092092, "gneE2_2": 0.06706706706706707, "gneE20_0": 0.18118118118118118, "gneE20_1": 0.11711711711711711, "gneE20_2": 0.04904904904904905, "gneE23_0": 0.2172172172172172, "gneE23_1": 0.22122122122122123, "gneE23_2": 0.03403403403403404, "gneE25_0": 0.044044044044044044, "gneE25_1": 0.043043043043043044, "gneE25_2": 0.03303303303303303, "gneE26_0": 0.05305305305305305, "gneE26_1": 0.037037037037037035, "gneE26_2": 0.0, "gneE27_0": 0.06106106106106106, "gneE27_1": 0.015015015015015015, "gneE27_2": 0.003003003003003003, "gneE28_0": 0.006006006006006006, "gneE28_1": 0.006006006006006006, "gneE28_2": 0.003003003003003003, "gneE29_0": 0.009009009009009009, "gneE29_1": 0.013013013013013013, "gneE29_2": 0.006006006006006006, "gneE3_0": 0.13613613613613615, "gneE3_1": 0.15615615615615616, "gneE3_2": 0.07007007007007007, "gneE30_0": 0.01001001001001001, "gneE30_1": 0.01001001001001001, "gneE30_2": 0.004004004004004004, "gneE31_0": 0.2912912912912913, "gneE31_1": 0.2802802802802803, "gneE31_2": 0.09009009009009009, "gneE33_0": 0.15715715715715717, "gneE33_1": 0.14814814814814814, "gneE33_2": 0.07107107107107107, "gneE35_0": 0.009009009009009009, "gneE35_1": 0.003003003003003003, "gneE35_2": 0.003003003003003003, "gneE38_0": 0.0960960960960961, "gneE38_1": 0.09309309309309309, "gneE38_2": 0.08708708708708708, "gneE39_0": 0.17917917917917917, "gneE39_1": 0.24324324324324326, "gneE39_2": 0.08508508508508508, "gneE4_0": 0.14714714714714713, "gneE4_1": 0.16716716716716717, "gneE4_2": 0.14714714714714713, "gneE41_0": 0.10510510510510511, "gneE41_1": 0.0990990990990991,