{"-gneE0_0": 0.18618618618618618, "-gneE0_1": 0.23523523523523523, "-gneE0_2": 0.2072072072072072, "-gneE1_0": 0.16316316316316315, "-gneE1_1": 0.25925925925925924, "-gneE1_2": 0.08608608608608609, "-gneE10_0": 0.16516516516516516, "-gneE10_1": 0.1961961961961962, "-gneE10_2": 0.17417417417417416, "-gneE11_0": 0.2172172172172172, "-gneE11_1": 0.24424424424424424, "-gneE11_2": 0.15515515515515516, "-gneE12_0": 0.16716716716716717, "-gneE12_1": 0.18518518518518517, "-gneE12_2": 0.0940940940940941, "-gneE13_0": 0.22622622622622623, "-gneE13_1": 0.25925925925925924, "-gneE13_2": 0.23223223223223224, "-gneE14_0": 0.2072072072072072, "-gneE14_1": 0.17517517517517517, "-gneE14_2": 0.042042042042042045, "-gneE15_0": 0.18118118118118118, "-gneE15_1": 0.14914914914914915, "-gneE15_2": 0.1021021021021021, "-gneE16_0": 0.22122122122122123, "-gneE16_1": 0.25325325325325326, "-gneE16_2": 0.10710710710710711, "-gneE18_0": 0.18218218218218218, "-gneE18_1": 0.09509509509509509, "-gneE18_2": 0.01901901901901902, "-gneE19_0": 0.16516516516516516, "-gneE19_1": 0.12912912912912913, "-gneE19_2": 0.035035035035035036, "-gneE2_0": 0.15415415415415415, "-gneE2_1": 0.19019019019019018, "-gneE2_2": 0.0980980980980981, "-gneE20_0": 0.21021021021021022, "-gneE20_1": 0.1971971971971972, "-gneE20_2": 0.17017017017017017, "-gneE23_0": 0.18218218218218218, "-gneE23_1": 0.1961961961961962, "-gneE23_2": 0.16616616616616617, "-gneE25_0": 0.015015015015015015, "-gneE25_1": 0.007007007007007007, "-gneE25_2": 0.0, "-gneE26_0": 0.0, "-gneE26_1": 0.0, "-gneE26_2": 0.008008008008008008, "-gneE27_0": 0.0, "-gneE27_1": 0.004004004004004004, "-gneE27_2": 0.0, "-gneE28_0": 0.06406406406406406, "-gneE28_1": 0.06406406406406406, "-gneE28_2": 0.004004004004004004, "-gneE29_0": 0.05405405405405406, "-gneE29_1": 0.05305305305305305, "-gneE29_2": 0.016016016016016016, "-gneE3_0": 0.23923923923923923, "-gneE3_1": 0.2852852852852853, "-gneE3_2": 0.13013013013013014, "-gneE30_0": 0.10810810810810811, "-gneE30_1": 0.056056056056056056, "-gneE30_2": 0.008008008008008008, "-gneE31_0": 0.23023023023023023, "-gneE31_1": 0.22922922922922923, "-gneE31_2": 0.15015015015015015, "-gneE33_0": 0.2022022022022022, "-gneE33_1": 0.25925925925925924, "-gneE33_2": 0.11911911911911911, "-gneE35_0": 0.062062062062062065, "-gneE35_1": 0.05305305305305305, "-gneE35_2": 0.05205205205205205, "-gneE38_0": 0.1981981981981982, "-gneE38_1": 0.12812812812812813, "-gneE38_2": 0.04704704704704705, "-gneE39_0": 0.14614614614614616, "-gneE39_1": 0.12712712712712712, "-gneE39_2": 0.06506506506506507, "-gneE4_0": 0.23223223223223224, "-gneE4_1": 0.20520520520520522, "-gneE4_2": 0.043043043043043044, "-gneE41_0": 0.22322322322322322, "-gneE41_1": 0.23823823823823823, "-gneE41_2": 0.06906906906906907, "-gneE42_0": 0.16616616616616617, "-gneE42_1": 0.11611611611611612, "-gneE42_2": 0.11311311311311312, "-gneE43_0": 0.12312312312312312, "-gneE43_1": 0.10710710710710711, "-gneE43_2": 0.04904904904904905, "-gneE46_0": 0.06406406406406406, "-gneE46_1": 0.03903903903903904, "-gneE46_2": 0.026026026026026026, "-gneE47_0": 0.06006006006006006, "-gneE47_1": 0.043043043043043044, "-gneE47_2": 0.02002002002002002, "-gneE52_0": 0.2552552552552553, "-gneE52_1": 0.23523523523523523, "-gneE52_2": 0.1921921921921922, "-gneE53_0": 0.15315315315315314, "-gneE53_1": 0.14214214214214213, "-gneE53_2": 0.1041041041041041, "-gneE54_0": 0.14814814814814814, "-gneE54_1": 0.14414414414414414, "-gneE54_2": 0.11911911911911911, "-gneE55_0": 0.18618618618618618, "-gneE55_1": 0.1991991991991992, "-gneE55_2": 0.13013013013013014, "-gneE56_0": 0.16116116116116116, "-gneE56_1": 0.1931931931931932, "-gneE56_2": 0.13313313313313313, "-gneE57_0": 0.2832832832832833, "-gneE57_1": 0.28428428428428426, "-gneE57_2": 0.12012012012012012, "-gneE58_0": 0.3183183183183183, "-gneE58_1": 0.3783783783783784, "-gneE58_2": 0.1041041041041041, "-gneE59_0": 0.24924924924924924, "-gneE59_1": 0.2602602602602603, "-gneE59_2": 0.11511511511511512, "-gneE61_0": 0.04704704704704705, "-gneE61_1": 0.004004004004004004, "-gneE61_2": 0.004004004004004004, "-gneE62_0": 0.12012012012012012, "-gneE62_1": 0.05105105105105105, "-gneE62_2": 0.002002002002002002, "-gneE64_0": 0.23923923923923923, "-gneE64_1": 0.17417417417417416, "-gneE64_2": 0.08408408408408409, "-gneE65_0": 0.2932932932932933, "-gneE65_1": 0.2722722722722723, "-gneE65_2": 0.12612612612612611, "-gneE66_0": 0.2072072072072072, "-gneE66_1": 0.1991991991991992, "-gneE66_2": 0.14114114114114115, "-gneE67_0": 0.1781781781781782, "-gneE67_1": 0.02002002002002002, "-gneE67_2": 0.005005005005005005, "-gneE68_0": 0.18118118118118118, "-gneE69_0": 0.22622622622622623, "-gneE69_1": 0.2972972972972973, "-gneE69_2": 0.2002002002002002, "-gneE7_0": 0.17317317317317318, "-gneE7_1": 0.2702702702702703, "-gneE7_2": 0.10510510510510511, "-gneE70_0": 0.22722722722722724, "-gneE70_1": 0.25125125125125125, "-gneE70_2": 0.17417417417417416, "-gneE71_0": 0.2832832832832833, "-gneE71_1": 0.2832832832832833, "-gneE71_2": 0.1041041041041041, "-gneE72_0": 0.08008008008008008, "-gneE72_1": 0.04704704704704705, "-gneE72_2": 0.024024024024024024, "-gneE72_3": 0.024024024024024024, "-gneE74_0": 0.3333333333333333, "-gneE74_1": 0.35035035035035034, "-gneE74_2": 0.28128128128128127, "gneE0_0": 0.26226226226226224, "gneE0_1": 0.2782782782782783, "gneE0_2": 0.1111111111111111, "gneE1_0": 0.22822822822822822, "gneE1_1": 0.24324324324324326, "gneE1_2": 0.1061061061061061, "gneE10_0": 0.24424424424424424, "gneE10_1": 0.1981981981981982, "gneE10_2": 0.07007007007007007, "gneE11_0": 0.19519519519519518, "gneE11_1": 0.2182182182182182, "gneE11_2": 0.13313313313313313, "gneE12_0": 0.18018018018018017, "gneE12_1": 0.15815815815815815, "gneE12_2": 0.08308308308308308, "gneE13_0": 0.24424424424424424, "gneE13_1": 0.22322322322322322, "gneE13_2": 0.055055055055055056, "gneE14_0": 0.1781781781781782, "gneE14_1": 0.15815815815815815, "gneE14_2": 0.14414414414414414, "gneE15_0": 0.24724724724724725, "gneE15_1": 0.21421421421421422, "gneE15_2": 0.1031031031031031, "gneE16_0": 0.12412412412412413, "gneE16_1": 0.1041041041041041, "gneE16_2": 0.03803803803803804, "gneE18_0": 0.1061061061061061, "gneE18_1": 0.11911911911911911, "gneE18_2": 0.14314314314314314, "gneE19_0": 0.19119119119119118, "gneE19_1": 0.1971971971971972, "gneE19_2": 0.11611611611611612, "gneE2_0": 0.23123123123123124, "gneE2_1": 0.23123123123123124, "gneE2_2": 0.06906906906906907, "gneE20_0": 0.22022022022022023, "gneE20_1": 0.13413413413413414, "gneE20_2": 0.057057057057057055, "gneE23_0": 0.24024024024024024, "gneE23_1": 0.25225225225225223, "gneE23_2": 0.031031031031031032, "gneE25_0": 0.042042042042042045, "gneE25_1": 0.04104104104104104, "gneE25_2": 0.03203203203203203, "gneE26_0": 0.03303303303303303, "gneE26_1": 0.024024024024024024, "gneE26_2": 0.0, "gneE27_0": 0.08108108108108109, "gneE27_1": 0.02002002002002002, "gneE27_2": 0.004004004004004004, "gneE28_0": 0.004004004004004004, "gneE28_1": 0.004004004004004004, "gneE28_2": 0.004004004004004004, "gneE29_0": 0.012012012012012012, "gneE29_1": 0.012012012012012012, "gneE29_2": 0.008008008008008008, "gneE3_0": 0.14614614614614616, "gneE3_1": 0.17017017017017017, "gneE3_2": 0.08008008008008008, "gneE30_0": 0.012012012012012012, "gneE30_1": 0.012012012012012012, "gneE30_2": 0.005005005005005005, "gneE31_0": 0.34534534534534533, "gneE31_1": 0.33633633633633636, "gneE31_2": 0.0970970970970971, "gneE33_0": 0.17517517517517517, "gneE33_1": 0.16416416416416416, "gneE33_2": 0.08708708708708708, "gneE35_0": 0.007007007007007007, "gneE35_1": 0.004004004004004004, "gneE35_2": 0.004004004004004004, "gneE38_0": 0.12112112112112113, "gneE38_1": 0.11511511511511512, "gneE38_2": 0.11411411411411411, "gneE39_0": 0.1941941941941942, "gneE39_1": 0.25325325325325326, "gneE39_2": 0.0990990990990991, "gneE4_0": 0.16816816816816818, "gneE4_1": 0.1931931931931932, "gneE4_2": 0.1781781781781782, "gneE41_0": 0.12412412412412413, "gneE41_1": 0.12812812812812813,