{"travleTime": 414, "speedVar": 1.3650189899601788, "evSpeed": [21.5671346033567, 21.790619480620826, 21.75485071769146, 21.371828664687218, 22.383857963827193, 21.803103884902537, 22.494413009739237, 22.41286946477996, 21.526923797709625, 22.066481635334657, 21.83744627000926, 21.7321131846744, 22.318117985722363, 21.406490919726657, 21.44715477503998, 22.317974835715013, 21.245836206140684, 21.950983554368594, 22.461891031369323, 22.26021526878396, 22.42119943756772, 21.649752130533326, 22.467484607418754, 21.34384801044291, 22.370906716456393, 22.42854394988319, 21.680126507381665, 22.095891546492222, 22.031920828890744, 21.39706572930956, 21.965148801227787, 21.986462513461465, 21.51736443870397, 21.50367162573313, 21.360348699811603, 22.427054710906685, 21.339790301804186, 21.655606895975524, 22.125047633970844, 22.465980528049858, 21.302010680839174, 21.875538743274973, 22.35621299847191, 20.437903693021916, 17.772405508085342, 13.272405508085342, 10.034815415790796, 11.468665194701893, 14.068159139742633, 16.241193284657342, 18.667304286574506, 20.70316230468874, 22.32195695853954, 21.375601929646674, 21.256990162433812, 21.880671260749676, 21.251259418238643, 22.330266176873575, 21.862972103605735, 21.8506362500477, 21.667209710121842, 21.57939012477802, 22.463442420504744, 22.17677534384349, 21.650105560698304, 21.69498215938149, 22.153206777909528, 21.45084413502993, 21.651826977205218, 21.807362162821683, 21.990894028974452, 21.484373377414176, 21.49393529194569, 21.988836579431535, 21.641777700313124, 21.987358868319298, 22.0650012149352, 21.86837642606044, 21.824987230297864, 21.883340295182297, 21.3068951201036, 21.22994263985822, 21.77295414643524, 21.228426499000506, 21.799920090135874, 22.029151481517346, 21.584331129758375, 22.381229567794815, 21.95871270556165, 21.662392388900496, 21.2524365425452, 22.421900016685704, 21.56245646098325, 22.497732473478408, 21.93315222723106, 22.436277119453752, 22.098986508056278, 21.49839305585412, 22.145782114459887, 21.27020161821203, 21.894008123140537, 21.750412278679885, 22.149205256636943, 21.34286281602619, 21.574932773119524, 22.44205089866811, 21.86229538473928, 21.734232911501767, 22.444478761741646, 21.534939552202577, 22.179423477930705, 21.79231634827958, 21.532518854771496, 22.49332853028247, 22.497530326933354, 22.096372142445052, 21.583754141476692, 21.646640433801092, 21.61362510031251, 21.270033442635775, 22.111646019887868, 21.490031877683233, 22.401424609252008, 21.62207961889146, 21.915438998198823, 21.49415555720845, 22.126532888469974, 21.43162814601021, 21.896492510160186, 21.61327475233631, 22.050767329066748, 21.814059637963528, 20.22200514227848, 16.103025483323705, 16.648478468724036, 19.17083551977526, 20.799225080229785, 21.450984417751187, 22.428414098417143, 21.512747309926652, 21.780124897823423, 21.768282373050916, 22.31551555901462, 21.35766982465213, 22.33145472734397, 22.408059782592336, 22.01884890549047, 21.239730555738078, 21.528298157278204, 21.268735935596506, 22.006641352769673, 22.031649293295796, 21.24073960435273, 21.655563038877897, 22.030067309282476, 21.22037850728886, 21.448222977585846, 21.3520229939015, 21.65933994144363, 21.88324350361874, 22.488015909829866, 21.6599515178583, 22.08069812528485, 21.663795045098976, 21.95596754139917, 21.46791995331807, 22.300029236647987, 21.64427797681348, 21.818722692957834, 22.24192149256052, 21.5989153054885, 21.296429891196766, 21.345994763250218, 21.90557386657385, 22.060056763642223, 21.668964173818694, 21.542245556681173, 21.666559937933215, 21.451555241957994, 21.834013731439352, 21.850981836264708, 22.220775007304493, 21.690417476544845, 22.393923628411013, 21.764358342962094, 22.45007806903379, 22.114526716211568, 22.336570170649082, 22.145040457753222, 21.527416129770444, 22.45365764190139, 22.1521558874396, 22.49323630646033, 21.38551963797001, 21.50221464607095, 21.634295984741055, 21.714759198773407, 21.51883085925294, 22.44610744834574, 22.157492062437104, 21.82217672482295, 22.2283276244176, 22.209932287001738, 21.67346225710282, 21.987184959078895, 21.839472855289223, 22.481762017134333, 21.58465035740448, 22.020978291134107, 22.332973667384813, 21.72731059851287, 22.011362694820146, 22.372230902907194, 22.40880880652623, 21.627511431031618, 22.37192337262606, 21.757221920007595, 22.34039480612775, 22.106894445872623, 22.234959647163503, 21.667656484629713, 22.23534098168531, 21.96912820780346, 21.202461736054847, 22.482930565007717, 22.35373682739375, 21.214469071209187, 21.37437482472671, 22.24120937982736, 21.664684421067815, 22.290375126746238, 21.24237630168138, 21.688205661193223, 21.995604165212008, 21.414754578994344, 22.456519496102572, 21.209698023075926, 22.361877647681847, 21.79200429051345, 21.620217357586824, 22.077111213339247, 21.901972657243476, 21.338774900847802, 22.471793789427483, 21.887349259352067, 21.86403340595936, 22.4549029415117, 21.369531407055202, 22.419127569870778, 21.897166102343927, 22.177223394449555, 22.356960973620172, 22.300424758984462, 21.9498593714896, 21.454707896417695, 21.849523936153144, 21.246687767106796, 21.48706882944027, 21.474273755784832, 21.401948943326005, 22.491949913521985, 22.346760837162602, 21.379986050945462, 22.285668367204945, 21.47395684000732, 22.139246493425908, 22.116754901699476, 21.22003605804568, 22.4012713603319, 22.168119019234307, 21.691559413109662, 22.139876687071972, 22.48834587292442, 22.21939856862811, 21.99139378728507, 21.513747980666103, 21.292978286823946, 21.704399242821836, 21.766857494401503, 21.310430502320397, 22.251036346249037, 21.676670821068566, 22.1928850159624, 21.470137966947387, 21.54532406729342, 21.770632395345473, 21.41465327386906, 21.94928360633714, 22.01583570743607, 21.294080902856532, 21.941264184877962, 22.13325377559451, 21.260140304348187, 22.380911001806833, 22.081746330984625, 22.3210092225687, 21.92286807865532, 21.909429298817866, 21.286690566629858, 22.486439487861226, 21.506486424116172, 21.65813109992234, 21.96172742609562, 21.352135036291312, 22.22262885380698, 22.276532062293718, 22.106807647283876, 22.203176138584258, 22.297953234949837, 21.587121328745724, 21.617303752095193, 21.639806393754423, 21.89595897429319, 21.74930178177239, 21.323042543359787, 21.247957877686, 22.21628277845377, 21.797619598369803, 22.095752802292573, 22.14856532245105, 22.488525224045606, 22.018421011242772, 21.99306049774097, 21.410929217992106, 21.589153706409725, 21.50633940313639, 21.605545385937894, 21.815660722587946, 22.328448846574627, 22.235455889847817, 21.289737197185623, 22.106241984373646, 21.628815572812908, 22.349057344451303, 21.88305967192793, 22.371532207971196, 21.626269073772, 21.895159789348707, 22.10286663019726, 21.91480848492285, 22.490322950074205, 22.077419757900515, 21.83832379000889, 22.201945027393975, 21.42812306325579, 21.66239138339808, 21.988045696389616, 22.490613158290962, 21.26520626646163, 21.607603348523135, 21.47663867446756, 21.302014296955186, 21.8055598760133, 22.204183028183632, 21.27872046987688, 22.419919451756158, 22.249955718090515, 22.11287744162766, 21.268649550165737, 22.23494367898604, 21.601782250159175, 21.902728262950422, 21.649870570364165, 22.44516595302777, 22.10698647083411, 21.801775368011313, 21.616699981793516, 22.24473927960427, 22.09091367329167, 22.109271419082525, 22.408780550152752, 21.227460962125786, 22.495548645417895, 21.264969424332246, 21.998703479009436, 21.781031291058042, 21.6287166594637, 21.405537618381658, 22.491348599164503, 22.29768644053185, 22.190709271572285, 22.319486097979116, 21.94308902466366, 21.86338748204218, 21.936146137618216, 21.755102290037776, 21.872474913240165, 21.68284103580447, 22.227679369865672, 21.87539485261006, 22.18749438886227, 22.304991223091946, 21.84246305633498, 22.32846026910631, 21.68855486443428, 21.71384357471181, 21.797455768065284, 22.400999101634824, 21.21657574920611, 22.024380605911592, 21.69662968235718, 22.11070665543595, 22.068419661639947, 21.924436693602928, 22.399540927900688, 